{
  "accuracy": [
    0.7700833082199097,
    0.7709166407585144,
    0.7711666822433472,
    0.7790833115577698,
    0.7788333296775818,
    0.7881666421890259,
    0.7820833325386047,
    0.7864166498184204,
    0.7914166450500488
  ],
  "loss": [
    0.7697430849075317,
    0.7639117240905762,
    0.7560667991638184,
    0.72784423828125,
    0.7307506799697876,
    0.7186312675476074,
    0.722951352596283,
    0.7039663791656494,
    0.6947110891342163
  ],
  "top_5_accuracy": [
    0.9565833210945129,
    0.9577500224113464,
    0.9599166512489319,
    0.9627500176429749,
    0.9614166617393494,
    0.9616666436195374,
    0.9630833268165588,
    0.9662500023841858,
    0.9653333425521851
  ],
  "val_accuracy": [
    0.8491841554641724,
    0.8493006825447083,
    0.8504661917686462,
    0.8500000238418579,
    0.8512820601463318,
    0.8506993055343628,
    0.8494172692298889,
    0.8501165509223938,
    0.8503496646881104
  ],
  "val_loss": [
    0.4826149046421051,
    0.48261353373527527,
    0.4805779457092285,
    0.48207786679267883,
    0.4821891784667969,
    0.4797828793525696,
    0.48397135734558105,
    0.4798433780670166,
    0.4777705669403076
  ],
  "val_top_5_accuracy": [
    0.9862470626831055,
    0.9867132902145386,
    0.987062931060791,
    0.9862470626831055,
    0.986480176448822,
    0.9867132902145386,
    0.986480176448822,
    0.986480176448822,
    0.9867132902145386
  ],
  "learning_rate": [
    2.9999999242136255e-05,
    2.9999999242136255e-05,
    2.9999999242136255e-05,
    2.9999999242136255e-05,
    2.9999999242136255e-05,
    2.9999999242136255e-05,
    2.9999999242136255e-05,
    2.9999999242136255e-05,
    1.4999999621068127e-05
  ]
}