{
  "accuracy": [
    0.42766666412353516,
    0.6336666941642761,
    0.6757500171661377,
    0.6934999823570251,
    0.7099166512489319,
    0.7145000100135803,
    0.7250000238418579,
    0.7319999933242798,
    0.7437499761581421,
    0.7593333125114441,
    0.7636666893959045,
    0.7661666870117188
  ],
  "loss": [
    2.551013708114624,
    1.377572774887085,
    1.170965552330017,
    1.0763798952102661,
    1.0085810422897339,
    0.9716895222663879,
    0.9263167977333069,
    0.8939074873924255,
    0.85953289270401,
    0.8181861042976379,
    0.7990493178367615,
    0.7867563366889954
  ],
  "top_5_accuracy": [
    0.7214166522026062,
    0.8997499942779541,
    0.9185000061988831,
    0.9252499938011169,
    0.934416651725769,
    0.9366666674613953,
    0.9417499899864197,
    0.9445833563804626,
    0.9490000009536743,
    0.950166642665863,
    0.9542499780654907,
    0.956333339214325
  ],
  "val_accuracy": [
    0.8002331256866455,
    0.8285547494888306,
    0.8391608595848083,
    0.8405594229698181,
    0.8437063097953796,
    0.8455711007118225,
    0.8412587642669678,
    0.844172477722168,
    0.8437063097953796,
    0.8482517600059509,
    0.8477855324745178,
    0.8476690053939819
  ],
  "val_loss": [
    0.9242846369743347,
    0.6554224491119385,
    0.5779715776443481,
    0.540461540222168,
    0.5188091993331909,
    0.5076230764389038,
    0.5098232626914978,
    0.5025818943977356,
    0.499912291765213,
    0.48859909176826477,
    0.48802152276039124,
    0.48516547679901123
  ],
  "val_top_5_accuracy": [
    0.9790209531784058,
    0.9837995171546936,
    0.9855477809906006,
    0.9857808947563171,
    0.985897421836853,
    0.9865967631340027,
    0.9871794581413269,
    0.9854312539100647,
    0.9863636493682861,
    0.9861305356025696,
    0.985897421836853,
    0.985897421836853
  ],
  "learning_rate": [
    0.0010000000474974513,
    0.0010000000474974513,
    0.0010000000474974513,
    0.0010000000474974513,
    0.0010000000474974513,
    0.0010000000474974513,
    0.0010000000474974513,
    0.0010000000474974513,
    0.0010000000474974513,
    0.0005000000237487257,
    0.0005000000237487257,
    0.0005000000237487257
  ]
}