{
  "accuracy": [
    0.20008333027362823,
    0.4699999988079071,
    0.5646666884422302,
    0.6150000095367432,
    0.6585833430290222,
    0.6837499737739563,
    0.7132499814033508,
    0.7294999957084656,
    0.7420833110809326,
    0.7635833621025085,
    0.7856666445732117,
    0.7943333387374878,
    0.8084166646003723,
    0.8165000081062317,
    0.828249990940094
  ],
  "loss": [
    3.7055091857910156,
    2.128589153289795,
    1.6862019300460815,
    1.442418098449707,
    1.2637853622436523,
    1.159055471420288,
    1.0616782903671265,
    0.9748783111572266,
    0.9284220337867737,
    0.8333842754364014,
    0.7805789113044739,
    0.727946937084198,
    0.6830724477767944,
    0.6492494940757751,
    0.6044332385063171
  ],
  "top_5_accuracy": [
    0.4337500035762787,
    0.765916645526886,
    0.8399166464805603,
    0.8768333196640015,
    0.9000833630561829,
    0.9129999876022339,
    0.9257500171661377,
    0.934249997138977,
    0.9393333196640015,
    0.9539166688919067,
    0.9591666460037231,
    0.9618333578109741,
    0.9670000076293945,
    0.9725833535194397,
    0.9756666421890259
  ],
  "val_accuracy": [
    0.6914918422698975,
    0.7721444964408875,
    0.8015151619911194,
    0.8139860033988953,
    0.8248251676559448,
    0.8268065452575684,
    0.8325175046920776,
    0.8340326547622681,
    0.8381118774414062,
    0.8350815773010254,
    0.8369463682174683,
    0.8388111591339111,
    0.8362470865249634,
    0.8363636136054993,
    0.8407925367355347
  ],
  "val_loss": [
    1.2599914073944092,
    0.808864176273346,
    0.6787189841270447,
    0.616707980632782,
    0.5722265243530273,
    0.5685563087463379,
    0.5444111824035645,
    0.5406760573387146,
    0.5352595448493958,
    0.5332667827606201,
    0.5286340117454529,
    0.5271844863891602,
    0.5258901715278625,
    0.5257518887519836,
    0.5325614213943481
  ],
  "val_top_5_accuracy": [
    0.9332168102264404,
    0.965268075466156,
    0.9738927483558655,
    0.9772727489471436,
    0.9814685583114624,
    0.979370653629303,
    0.9806526899337769,
    0.9803030490875244,
    0.9806526899337769,
    0.9820512533187866,
    0.9824009537696838,
    0.9813519716262817,
    0.9813519716262817,
    0.9814685583114624,
    0.9819347262382507
  ],
  "learning_rate": [
    9.999999747378752e-05,
    9.999999747378752e-05,
    9.999999747378752e-05,
    9.999999747378752e-05,
    9.999999747378752e-05,
    9.999999747378752e-05,
    9.999999747378752e-05,
    9.999999747378752e-05,
    9.999999747378752e-05,
    9.999999747378752e-05,
    9.999999747378752e-05,
    9.999999747378752e-05,
    9.999999747378752e-05,
    9.999999747378752e-05,
    9.999999747378752e-05
  ]
}