{
  "accuracy": [
    0.29741665720939636,
    0.5178333520889282,
    0.5740833282470703,
    0.6007500290870667,
    0.625249981880188,
    0.6335833072662354,
    0.637333333492279,
    0.6456666588783264,
    0.6585833430290222,
    0.6625000238418579,
    0.7006666660308838,
    0.6996666789054871
  ],
  "loss": [
    3.122229814529419,
    1.8470860719680786,
    1.606745958328247,
    1.505218267440796,
    1.4136958122253418,
    1.377577781677246,
    1.3370561599731445,
    1.3136329650878906,
    1.2824962139129639,
    1.2626136541366577,
    1.0840799808502197,
    1.0788079500198364
  ],
  "top_5_accuracy": [
    0.574999988079071,
    0.825083315372467,
    0.8586666584014893,
    0.8761666417121887,
    0.8897500038146973,
    0.8984166383743286,
    0.9047499895095825,
    0.9079999923706055,
    0.9127500057220459,
    0.9190833568572998,
    0.9316666722297668,
    0.9332500100135803
  ],
  "val_accuracy": [
    0.6696969866752625,
    0.7319347262382507,
    0.7375291585922241,
    0.7449883222579956,
    0.7501165270805359,
    0.7418414950370789,
    0.7592074871063232,
    0.7583916187286377,
    0.7553613185882568,
    0.7574592232704163,
    0.7745921015739441,
    0.7756410241127014
  ],
  "val_loss": [
    1.1063218116760254,
    0.8923743963241577,
    0.8656507134437561,
    0.8526230454444885,
    0.8636934161186218,
    0.8926604390144348,
    0.8432353734970093,
    0.8684085011482239,
    0.8699578046798706,
    0.8747378587722778,
    0.8153082132339478,
    0.819480299949646
  ],
  "val_top_5_accuracy": [
    0.9347319602966309,
    0.9559440612792969,
    0.9576923251152039,
    0.9613053798675537,
    0.9615384340286255,
    0.9613053798675537,
    0.9620046615600586,
    0.9615384340286255,
    0.9643356800079346,
    0.9637529253959656,
    0.9660839438438416,
    0.9668997526168823
  ],
  "learning_rate": [
    0.0010000000474974513,
    0.0010000000474974513,
    0.0010000000474974513,
    0.0010000000474974513,
    0.0010000000474974513,
    0.0010000000474974513,
    0.0010000000474974513,
    0.0010000000474974513,
    0.0010000000474974513,
    0.0010000000474974513,
    0.0005000000237487257,
    0.0005000000237487257
  ]
}