{
  "accuracy": [
    0.7273333072662354,
    0.7474166750907898,
    0.750249981880188,
    0.7618333101272583,
    0.7562500238418579,
    0.7649166584014893,
    0.7738333344459534
  ],
  "loss": [
    0.9152092933654785,
    0.8433517813682556,
    0.8324624300003052,
    0.7811936140060425,
    0.7900133728981018,
    0.7650371789932251,
    0.7365368008613586
  ],
  "top_5_accuracy": [
    0.9476666450500488,
    0.9517499804496765,
    0.9504166841506958,
    0.9591666460037231,
    0.9595000147819519,
    0.9602500200271606,
    0.9589999914169312
  ],
  "val_accuracy": [
    0.7874125838279724,
    0.7875291109085083,
    0.7916083931922913,
    0.7914918661117554,
    0.7912587523460388,
    0.7904428839683533,
    0.7914918661117554
  ],
  "val_loss": [
    0.7397842407226562,
    0.725252091884613,
    0.7079827785491943,
    0.7164914011955261,
    0.7054769396781921,
    0.7077537775039673,
    0.7105297446250916
  ],
  "val_top_5_accuracy": [
    0.9694638848304749,
    0.9692307710647583,
    0.9701631665229797,
    0.9700466394424438,
    0.971794843673706,
    0.9707459211349487,
    0.9699300527572632
  ],
  "learning_rate": [
    9.999999747378752e-06,
    9.999999747378752e-06,
    9.999999747378752e-06,
    9.999999747378752e-06,
    9.999999747378752e-06,
    9.999999747378752e-06,
    4.999999873689376e-06
  ]
}